r_mm,r_over_R,x_m,z_m,B_deg1_uT,B_deg4_uT,B_deg6_uT,error_pct
50.00,1.000,0.0000,0.0500,1600.00,2015.06,2015.06,0.00
50.00,1.000,0.0141,0.0480,1551.65,1878.65,1878.65,0.00
50.00,1.000,0.0270,0.0421,1413.79,1617.98,1617.98,0.00
50.00,1.000,0.0378,0.0327,1209.70,1325.12,1325.12,0.00
50.00,1.000,0.0455,0.0208,985.56,1171.73,1171.73,0.00
50.00,1.000,0.0495,0.0071,823.95,1219.26,1219.26,0.00
50.00,1.000,0.0495,-0.0071,823.95,1255.97,1255.97,0.00
50.00,1.000,0.0455,-0.0208,985.56,1105.54,1105.54,0.00
50.00,1.000,0.0378,-0.0327,1209.70,951.45,951.45,0.00
50.00,1.000,0.0270,-0.0421,1413.79,1120.88,1120.88,0.00
50.00,1.000,0.0141,-0.0480,1551.65,1391.56,1391.56,0.00
50.00,1.000,0.0000,-0.0500,1600.00,1506.96,1506.96,0.00
78.57,1.571,0.0000,0.0786,412.32,469.35,469.35,0.00
78.57,1.571,0.0221,0.0754,399.86,446.23,446.23,0.00
78.57,1.571,0.0425,0.0661,364.33,394.23,394.23,0.00
78.57,1.571,0.0594,0.0515,311.74,326.05,326.05,0.00
78.57,1.571,0.0715,0.0326,253.98,259.96,259.96,0.00
78.57,1.571,0.0778,0.0112,212.33,210.66,210.66,0.00
78.57,1.571,0.0778,-0.0112,212.33,189.51,189.51,0.00
78.57,1.571,0.0715,-0.0326,253.98,208.72,208.72,0.00
78.57,1.571,0.0594,-0.0515,311.74,263.51,263.51,0.00
78.57,1.571,0.0425,-0.0661,364.33,326.54,326.54,0.00
78.57,1.571,0.0221,-0.0754,399.86,371.92,371.92,0.00
78.57,1.571,0.0000,-0.0786,412.32,388.79,388.79,0.00
107.14,2.143,0.0000,0.1071,162.61,177.68,177.68,0.00
107.14,2.143,0.0302,0.1028,157.69,170.13,170.13,0.00
107.14,2.143,0.0579,0.0901,143.68,151.86,151.86,0.00
107.14,2.143,0.0810,0.0702,122.94,126.80,126.80,0.00
107.14,2.143,0.0975,0.0445,100.16,101.11,101.11,0.00
107.14,2.143,0.1061,0.0152,83.74,82.20,82.20,0.00
107.14,2.143,0.1061,-0.0152,83.74,78.06,78.06,0.00
107.14,2.143,0.0975,-0.0445,100.16,90.79,90.79,0.00
107.14,2.143,0.0810,-0.0702,122.94,112.64,112.64,0.00
107.14,2.143,0.0579,-0.0901,143.68,134.18,134.18,0.00
107.14,2.143,0.0302,-0.1028,157.69,149.10,149.10,0.00
107.14,2.143,0.0000,-0.1071,162.61,154.63,154.63,0.00
135.71,2.714,0.0000,0.1357,80.01,85.56,85.56,0.00
135.71,2.714,0.0382,0.1302,77.59,82.21,82.21,0.00
135.71,2.714,0.0734,0.1142,70.70,73.77,73.77,0.00
135.71,2.714,0.1026,0.0889,60.49,61.96,61.96,0.00
135.71,2.714,0.1235,0.0564,49.29,49.59,49.59,0.00
135.71,2.714,0.1343,0.0193,41.20,40.66,40.66,0.00
135.71,2.714,0.1343,-0.0193,41.20,39.54,39.54,0.00
135.71,2.714,0.1235,-0.0564,49.29,46.53,46.53,0.00
135.71,2.714,0.1026,-0.0889,60.49,57.17,57.17,0.00
135.71,2.714,0.0734,-0.1142,70.70,67.21,67.21,0.00
135.71,2.714,0.0382,-0.1302,77.59,74.10,74.10,0.00
135.71,2.714,0.0000,-0.1357,80.01,76.64,76.64,0.00
164.29,3.286,0.0000,0.1643,45.11,47.59,47.59,0.00
164.29,3.286,0.0463,0.1576,43.74,45.82,45.82,0.00
164.29,3.286,0.0888,0.1382,39.86,41.26,41.26,0.00
164.29,3.286,0.1242,0.1076,34.10,34.78,34.78,0.00
164.29,3.286,0.1494,0.0682,27.78,27.92,27.92,0.00
164.29,3.286,0.1626,0.0234,23.23,23.00,23.00,0.00
164.29,3.286,0.1626,-0.0234,23.23,22.60,22.60,0.00
164.29,3.286,0.1494,-0.0682,27.78,26.72,26.72,0.00
164.29,3.286,0.1242,-0.1076,34.10,32.71,32.71,0.00
164.29,3.286,0.0888,-0.1382,39.86,38.27,38.27,0.00
164.29,3.286,0.0463,-0.1576,43.74,42.06,42.06,0.00
164.29,3.286,0.0000,-0.1643,45.11,43.45,43.45,0.00
192.86,3.857,0.0000,0.1929,27.88,29.16,29.16,0.00
192.86,3.857,0.0543,0.1850,27.04,28.11,28.11,0.00
192.86,3.857,0.1043,0.1622,24.64,25.36,25.36,0.00
192.86,3.857,0.1458,0.1263,21.08,21.43,21.43,0.00
192.86,3.857,0.1754,0.0801,17.17,17.25,17.25,0.00
192.86,3.857,0.1909,0.0274,14.36,14.25,14.25,0.00
192.86,3.857,0.1909,-0.0274,14.36,14.08,14.08,0.00
192.86,3.857,0.1754,-0.0801,17.17,16.68,16.68,0.00
192.86,3.857,0.1458,-0.1263,21.08,20.39,20.39,0.00
192.86,3.857,0.1043,-0.1622,24.64,23.80,23.80,0.00
192.86,3.857,0.0543,-0.1850,27.04,26.13,26.13,0.00
192.86,3.857,0.0000,-0.1929,27.88,26.98,26.98,0.00
221.43,4.429,0.0000,0.2214,18.42,19.14,19.14,0.00
221.43,4.429,0.0624,0.2125,17.86,18.47,18.47,0.00
221.43,4.429,0.1197,0.1863,16.28,16.69,16.69,0.00
221.43,4.429,0.1673,0.1450,13.93,14.13,14.13,0.00
221.43,4.429,0.2014,0.0920,11.35,11.39,11.39,0.00
221.43,4.429,0.2192,0.0315,9.49,9.43,9.43,0.00
221.43,4.429,0.2192,-0.0315,9.49,9.34,9.34,0.00
221.43,4.429,0.2014,-0.0920,11.35,11.09,11.09,0.00
221.43,4.429,0.1673,-0.1450,13.93,13.55,13.55,0.00
221.43,4.429,0.1197,-0.1863,16.28,15.80,15.80,0.00
221.43,4.429,0.0624,-0.2125,17.86,17.33,17.33,0.00
221.43,4.429,0.0000,-0.2214,18.42,17.89,17.89,0.00
250.00,5.000,0.0000,0.2500,12.80,13.24,13.24,0.00
250.00,5.000,0.0704,0.2399,12.41,12.78,12.78,0.00
250.00,5.000,0.1352,0.2103,11.31,11.56,11.56,0.00
250.00,5.000,0.1889,0.1637,9.68,9.80,9.80,0.00
250.00,5.000,0.2274,0.1039,7.88,7.91,7.91,0.00
250.00,5.000,0.2475,0.0356,6.59,6.56,6.56,0.00
250.00,5.000,0.2475,-0.0356,6.59,6.51,6.51,0.00
250.00,5.000,0.2274,-0.1039,7.88,7.73,7.73,0.00
250.00,5.000,0.1889,-0.1637,9.68,9.45,9.45,0.00
250.00,5.000,0.1352,-0.2103,11.31,11.01,11.01,0.00
250.00,5.000,0.0704,-0.2399,12.41,12.08,12.08,0.00
250.00,5.000,0.0000,-0.2500,12.80,12.47,12.47,0.00
