output,parameter,S1,ST
N_packets,u,0.526981095209862,0.6589493550508311
N_packets,mp,0.10027635244077059,0.040946697642543994
N_packets,r,0.0,0.0
N_packets,omega,0.0,0.0
N_packets,h_km,-0.04112041998076036,0.003496357404888118
N_packets,ms,-0.00876334867121216,0.10780408418132816
N_packets,g_gain,0.0,0.0
N_packets,k_fp,0.0,0.0
N_packets,spacing,0.0,0.0
N_total_inventory,u,0.5255209846177746,0.6971609138642139
N_total_inventory,mp,0.08906453458808024,0.02509534659142168
N_total_inventory,r,0.0,0.0
N_total_inventory,omega,0.0,0.0
N_total_inventory,h_km,-0.045973485950260795,0.00423936884531782
N_total_inventory,ms,0.0012868346538027744,0.10340058123025367
N_total_inventory,g_gain,0.0,0.0
N_total_inventory,k_fp,0.0,0.0
N_total_inventory,spacing,0.0,0.0
M_total_kg,u,0.3686396375245296,0.6561243334488482
M_total_kg,mp,-0.0019156397058880288,0.007792648019082546
M_total_kg,r,0.0,0.0
M_total_kg,omega,0.0,0.0
M_total_kg,h_km,-0.04434499304165449,0.003989829324280967
M_total_kg,ms,-0.07690812638160296,0.09731417250843973
M_total_kg,g_gain,0.0,0.0
M_total_kg,k_fp,0.0,0.0
M_total_kg,spacing,0.0,0.0
mass_multiplier,u,0.33014182799681596,0.5709857390552394
mass_multiplier,mp,0.327878026020099,0.7801361132498583
mass_multiplier,r,0.0,0.0
mass_multiplier,omega,0.0,0.0
mass_multiplier,h_km,0.0392414380940203,0.0046097544347107715
mass_multiplier,ms,0.17206174015908135,0.5923268929885603
mass_multiplier,g_gain,0.0,0.0
mass_multiplier,k_fp,0.0,0.0
mass_multiplier,spacing,0.0,0.0
P_total_kW,u,0.5482500512351931,0.6932776722758593
P_total_kW,mp,0.0866143117765643,0.02210991270602542
P_total_kW,r,-9.212880544349407e-05,3.250406723939778e-08
P_total_kW,omega,2.6861249801336364e-05,3.159887613501821e-09
P_total_kW,h_km,-0.04061751407694614,0.004151710865557019
P_total_kW,ms,0.017664823011644352,0.128010765438714
P_total_kW,g_gain,0.0,0.0
P_total_kW,k_fp,0.0,0.0
P_total_kW,spacing,0.0,0.0
stress_margin,u,0.0,0.0
stress_margin,mp,1.2648398664059024,0.8019081121755921
stress_margin,r,-0.4890637156716763,0.09671246266111268
stress_margin,omega,1.1362024790615242,0.682707712756621
stress_margin,h_km,0.0,0.0
stress_margin,ms,0.0,0.0
stress_margin,g_gain,0.0,0.0
stress_margin,k_fp,0.0,0.0
stress_margin,spacing,0.0,0.0
thermal_margin,u,0.5405193613991657,0.45391104581162417
thermal_margin,mp,0.0,0.0
thermal_margin,r,0.07557735274375152,0.1748808755523122
thermal_margin,omega,0.0,0.0
thermal_margin,h_km,0.0,0.0
thermal_margin,ms,0.0,0.0
thermal_margin,g_gain,0.0,0.0
thermal_margin,k_fp,0.0,0.0
thermal_margin,spacing,0.0,0.0
k_eff,u,0.5313982441547332,0.4486098837924266
k_eff,mp,0.0,0.0
k_eff,r,0.08096505391918368,0.1904991025774306
k_eff,omega,0.0,0.0
k_eff,h_km,0.0,0.0
k_eff,ms,0.0,0.0
k_eff,g_gain,0.0,0.0
k_eff,k_fp,0.0,0.0
k_eff,spacing,0.0,0.0
debris_risk_score,u,-0.2746893227144472,0.30119618344967886
debris_risk_score,mp,-0.18607243426810266,0.138734496978357
debris_risk_score,r,-0.20478272666470154,0.884208340217997
debris_risk_score,omega,0.0,0.0
debris_risk_score,h_km,1.8569659599846375,1.4889815795815962
debris_risk_score,ms,0.23698037488046955,0.2186051909306109
debris_risk_score,g_gain,0.0,0.0
debris_risk_score,k_fp,0.0,0.0
debris_risk_score,spacing,0.0,0.0
kessler_ratio,u,0.0,0.0
kessler_ratio,mp,1.5613498438855332e-17,3.7011247110124255e-32
kessler_ratio,r,0.08924667406097835,0.2614997649535481
kessler_ratio,omega,0.0,0.0
kessler_ratio,h_km,-0.014863256664974478,0.3587628691295076
kessler_ratio,ms,6.39911595121764e-17,1.4235095042355482e-32
kessler_ratio,g_gain,0.0,0.0
kessler_ratio,k_fp,0.0,0.0
kessler_ratio,spacing,0.0,0.0
stream_self_sustaining,u,1.209632811349339,3.800872010557052
stream_self_sustaining,mp,-0.7034153565770904,3.5656935352662233
stream_self_sustaining,r,1.0057700934094675,52.092683630122345
stream_self_sustaining,omega,0.0,0.0
stream_self_sustaining,h_km,0.42300177789557913,0.10414603886682289
stream_self_sustaining,ms,0.13465255292268197,0.11728125023633247
stream_self_sustaining,g_gain,0.0,0.0
stream_self_sustaining,k_fp,0.0,0.0
stream_self_sustaining,spacing,-0.014058519646879737,0.0032860255829097944
service_lifetime_hr,u,-0.7180234167545217,0.8374732067422628
service_lifetime_hr,mp,-0.23172080117247973,0.40432978091752175
service_lifetime_hr,r,7.000992721938721,28.578894471587212
service_lifetime_hr,omega,0.0,0.0
service_lifetime_hr,h_km,0.015346583976078671,0.000872221340189847
service_lifetime_hr,ms,-0.3996790118372128,0.2264602008436521
service_lifetime_hr,g_gain,0.0,0.0
service_lifetime_hr,k_fp,0.0,0.0
service_lifetime_hr,spacing,0.013875831593433521,0.002442142809318987
slingshot_dv_m_s,u,2.1314908260009298,1.9674648812578344
slingshot_dv_m_s,mp,0.0,0.0
slingshot_dv_m_s,r,0.0,0.0
slingshot_dv_m_s,omega,0.0,0.0
slingshot_dv_m_s,h_km,0.0,0.0
slingshot_dv_m_s,ms,0.0,0.0
slingshot_dv_m_s,g_gain,0.0,0.0
slingshot_dv_m_s,k_fp,0.0,0.0
slingshot_dv_m_s,spacing,0.0,0.0
